,state
11384,AK
17208,AK
9020,AK
4320,AL
7604,AL
2033,AL
1913,AL
6045,AL
6059,AL
9636,AL
2189,AL
6551,AL
8762,AL
1499,AL
3988,AL
9785,AL
10794,AL
9517,AL
10706,AL
11062,AL
7012,AL
10944,AL
8831,AL
1870,AL
13668,AL
17115,AL
10960,AL
6897,AL
13926,AL
13923,AL
13631,AL
9434,AL
14429,AL
4708,AL
53,AL
3722,AL
6942,AR
16336,AR
15216,AR
7685,AR
656,AR
15453,AR
1739,AR
11869,AR
11615,AR
17108,AR
13802,AR
7986,AR
707,AR
6267,AR
10459,AR
5857,AR
6736,AR
5535,AR
4218,AR
1867,AZ
12093,AZ
15223,AZ
11771,AZ
15128,AZ
16703,AZ
15960,AZ
3869,AZ
15980,AZ
5173,AZ
14304,AZ
11769,AZ
5240,AZ
2884,AZ
3764,AZ
7898,AZ
4589,AZ
10890,AZ
5432,AZ
3776,AZ
437,AZ
9021,AZ
14695,AZ
13562,AZ
16429,AZ
13721,AZ
6490,AZ
11781,AZ
17387,AZ
13194,AZ
14624,AZ
14584,AZ
12538,AZ
516,AZ
4805,AZ
6294,AZ
8251,AZ
9839,AZ
13992,AZ
6027,AZ
1777,AZ
6880,AZ
5107,AZ
14804,AZ
11958,AZ
883,AZ
6931,AZ
4323,AZ
11697,AZ
13405,AZ
16104,AZ
17463,AZ
9215,AZ
4111,AZ
17466,AZ
8490,AZ
2386,AZ
14906,AZ
3176,AZ
4263,AZ
7508,AZ
12930,AZ
4215,AZ
3127,AZ
2928,AZ
4879,AZ
14192,AZ
844,AZ
2094,AZ
12010,AZ
9561,AZ
250,AZ
16832,AZ
6735,AZ
11554,AZ
3688,AZ
11064,AZ
9305,AZ
11619,AZ
17195,AZ
2540,AZ
7362,AZ
5137,AZ
5138,AZ
11965,AZ
16684,AZ
3280,AZ
4835,AZ
6216,AL
11622,AL
932,AL
16109,AL
14063,AL
798,AL
2176,AL
796,AL
2038,AL
9553,AL
15474,AL
11844,AL
11971,AL
6441,AL
3281,AL
1488,AL
3423,AL
6504,AL
1619,AL
13313,AL
14384,AL
9399,AL
12576,AZ
6350,AZ
4402,AZ
1713,AZ
15682,AZ
3893,AZ
2638,AZ
7772,AZ
5949,AZ
10169,AZ
5196,AZ
7670,AZ
13180,AZ
2663,AZ
10292,AZ
319,AZ
16237,AZ
4096,AZ
14744,AZ
4939,AZ
2261,AZ
11809,AZ
2512,AZ
2334,AZ
6432,AZ
16045,AZ
9246,AZ
6428,AZ
7983,AZ
6390,AZ
15215,AZ
2353,AZ
9048,AZ
14143,AZ
7527,AZ
3625,AZ
7372,AK
14161,AK
13015,AK
14160,AK
14159,AK
7991,AK
9063,AK
663,AK
13231,AK
401,AK
5837,AK
142,AK
74,AK
773,AK
7371,AK
141,AK
140,AK
1735,AK
9077,AK
2597,AK
2232,CA
2198,CA
16257,CA
14801,CA
2234,CA
8455,CA
4361,CA
4905,CA
16252,CA
14778,CA
4875,CA
4378,CA
14797,CA
14531,CA
4877,CA
8088,CA
14644,CA
4912,CA
8559,CA
4951,CA
4955,CA
4959,CA
2300,CA
8564,CA
9737,CA
8567,CA
14480,CA
2310,CA
2311,CA
4966,CA
4971,CA
8575,CA
8027,CA
4995,CA
2316,CA
8554,CA
4278,CA
2292,CA
14494,CA
4321,CA
2248,CA
8486,CA
14529,CA
4936,CA
11544,CA
4867,CA
2262,CA
9776,CA
1747,CA
14831,CA
16208,CA
8526,CA
11648,CA
8531,CA
4290,CA
14859,CA
4280,CA
16581,CA
9782,CA
8136,CA
2165,CA
4580,CA
14692,CA
16468,CA
8253,CA
2055,CA
16471,CA
1911,CA
14580,CA
11585,CA
8258,CA
4550,CA
1892,CA
4808,CA
4809,CA
8284,CA
4810,CA
14573,CA
14691,CA
4535,CA
12499,CA
12540,CA
8228,CA
14650,CA
16448,CA
4675,CA
12516,CA
1977,CA
4677,CA
1940,CA
8181,CA
9935,CA
12501,CA
4606,CA
14655,CA
1999,CA
9897,CA
12536,CA
8176,CA
14608,CA
2166,CA
14709,CA
8302,CA
4446,CA
4441,CA
8361,CA
12552,CA
1821,CA
4854,CA
4421,CA
16312,CA
16307,CA
8428,CA
1814,CA
11547,CA
1805,CA
12559,CA
8431,CA
4391,CA
14770,CA
1831,CA
1881,CA
1833,CA
12455,CA
16392,CA
2086,CA
8153,CA
8146,CA
8143,CA
2087,CA
9840,CA
2090,CA
4819,CA
11555,CA
14710,CA
8315,CA
16391,CA
12459,CA
4821,CA
4825,CA
8138,CA
2118,CA
2318,CA
4037,CA
14873,CA
9026,CA
3549,CA
3546,CA
3543,CA
9027,CA
12029,CA
3507,CA
3499,CA
6916,CA
9347,CA
2887,CA
9346,CA
9034,CA
9036,CA
11866,CA
2906,CA
2912,CA
11873,CA
15329,CA
2915,CA
9322,CA
9038,CA
9040,CA
3563,CA
9023,CA
15291,CA
9370,CA
8932,CA
9448,CA
17482,CA
8961,CA
12119,CA
3710,CA
2765,CA
2766,CA
15221,CA
9409,CA
15232,CA
12019,CA
2791,CA
15251,CA
15253,CA
2803,CA
2805,CA
15786,CA
15266,CA
9388,CA
15286,CA
9379,CA
9375,CA
9372,CA
3694,CA
15210,CA
3473,CA
9054,CA
9232,CA
3197,CA
15546,CA
3079,CA
3194,CA
15440,CA
9218,CA
3187,CA
3097,CA
9139,CA
3099,CA
11936,CA
3108,CA
11952,CA
9205,CA
3165,CA
15501,CA
11937,CA
11948,CA
9164,CA
9181,CA
15481,CA
3129,CA
3200,CA
9123,CA
9113,CA
9106,CA
15363,CA
15370,CA
11982,CA
15634,CA
11981,CA
15385,CA
15387,CA
3003,CA
11972,CA
3292,CA
3273,CA
15674,CA
15418,CA
15616,CA
11916,CA
3263,CA
3037,CA
15602,CA
11919,CA
3242,CA
3051,CA
3058,CA
3239,CA
3237,CA
9266,CA
3745,CA
15209,CA
8930,CA
2468,CA
8705,CA
4081,CA
2471,CA
8706,CA
12307,CA
4071,CA
2479,CA
4060,CA
16092,CA
8729,CA
8731,CA
8739,CA
15004,CA
16086,CA
12272,CA
15010,CA
15015,CA
15017,CA
8764,CA
4000,CA
2521,CA
8770,CA
4089,CA
9665,CA
8695,CA
11696,CA
2340,CA
4217,CA
8634,CA
14886,CA
4208,CA
9710,CA
4177,CA
8654,CA
8656,CA
16144,CA
9696,CA
3989,CA
2374,CA
14914,CA
2384,CA
8669,CA
4159,CA
14943,CA
12326,CA
16117,CA
4146,CA
4133,CA
8685,CA
2442,CA
9685,CA
2536,CA
8785,CA
16039,CA
3866,CA
2659,CA
9522,CA
15131,CA
15133,CA
2671,CA
12182,CA
15947,CA
9509,CA
12176,CA
15942,CA
8869,CA
11791,CA
8886,CA
3788,CA
3782,CA
3780,CA
2698,CA
3778,CA
8904,CA
9476,CA
3768,CA
9466,CA
12156,CA
11794,CA
11666,CA
15123,CA
3876,CA
16034,CA
15033,CA
3983,CA
11728,CA
3978,CA
3977,CA
16030,CA
12261,CA
12253,CA
15035,CA
12251,CA
15112,CA
3945,CA
16022,CA
8822,CA
8824,CA
8830,CA
3918,CA
8834,CA
8842,CA
15083,CA
8863,CA
3882,CA
15106,CA
3939,CA
1709,CA
6920,CA
10065,CA
7226,CA
7227,CA
11127,CA
617,CA
618,CA
7228,CA
10796,CA
13723,CA
6300,CA
6299,CA
13189,CA
6295,CA
17266,CA
17265,CA
11136,CA
13725,CA
10772,CA
13733,CA
17262,CA
17260,CA
684,CA
13735,CA
686,CA
10770,CA
6273,CA
7224,CA
7221,CA
17270,CA
7217,CA
13261,CA
13260,CA
490,CA
10866,CA
10862,CA
7198,CA
10851,CA
6413,CA
17314,CA
7202,CA
7206,CA
10831,CA
13737,CA
6386,CA
534,CA
7207,CA
13662,CA
6375,CA
17300,CA
10816,CA
17280,CA
7212,CA
573,CA
7215,CA
6351,CA
6338,CA
10824,CA
10871,CA
10751,CA
7307,CA
825,CA
827,CA
6109,CA
13814,CA
13071,CA
833,CA
7370,CA
13824,CA
13841,CA
10666,CA
17164,CA
10664,CA
6068,CA
13041,CA
6054,CA
17155,CA
13846,CA
8023,CA
10646,CA
10644,CA
10642,CA
17146,CA
878,CA
17136,CA
11243,CA
13078,CA
820,CA
17173,CA
17179,CA
13746,CA
10732,CA
11158,CA
13136,CA
6224,CA
17220,CA
10718,CA
13747,CA
17211,CA
13748,CA
747,CA
13756,CA
11139,CA
759,CA
6208,CA
13764,CA
13765,CA
772,CA
774,CA
13771,CA
17194,CA
10708,CA
804,CA
17184,CA
811,CA
11182,CA
17201,CA
17322,CA
10873,CA
6461,CA
13414,CA
6933,CA
6875,CA
13418,CA
6870,CA
149,CA
11046,CA
11048,CA
6856,CA
11050,CA
158,CA
6943,CA
11056,CA
11057,CA
6949,CA
173,CA
6848,CA
11058,CA
179,CA
13426,CA
11059,CA
187,CA
6957,CA
6828,CA
6964,CA
17455,CA
11045,CA
122,CA
11044,CA
11041,CA
25,CA
6924,CA
17480,CA
6926,CA
17478,CA
17474,CA
17473,CA
13380,CA
63,CA
17470,CA
17469,CA
11063,CA
70,CA
6929,CA
11039,CA
17468,CA
11038,CA
11037,CA
11036,CA
96,CA
11029,CA
13410,CA
17459,CA
118,CA
17458,CA
11040,CA
6819,CA
13461,CA
6781,CA
13503,CA
7072,CA
6564,CA
352,CA
10908,CA
6550,CA
13306,CA
17377,CA
10899,CA
13522,CA
11097,CA
13538,CA
343,CA
17344,CA
17332,CA
410,CA
414,CA
418,CA
10888,CA
13290,CA
10885,CA
10880,CA
10876,CA
13570,CA
13274,CA
13271,CA
17339,CA
17131,CA
6589,CA
6598,CA
13463,CA
7007,CA
233,CA
10997,CA
244,CA
7013,CA
6679,CA
254,CA
7037,CA
7043,CA
7048,CA
10959,CA
340,CA
7049,CA
10954,CA
10950,CA
308,CA
7053,CA
6632,CA
6624,CA
6610,CA
13483,CA
10940,CA
11087,CA
6600,CA
330,CA
298,CA
10634,CA
11224,CA
6022,CA
16794,CA
7833,CA
14139,CA
5387,CA
5375,CA
11336,CA
11341,CA
16769,CA
5365,CA
10229,CA
1389,CA
7855,CA
14171,CA
7869,CA
5308,CA
7876,CA
11042,CA
7890,CA
5269,CA
16743,CA
14221,CA
14227,CA
5260,CA
5239,CA
1457,CA
5434,CA
16741,CA
10244,CA
12713,CA
14012,CA
14013,CA
16833,CA
5575,CA
14014,CA
14025,CA
7696,CA
10308,CA
10632,CA
5549,CA
14039,CA
1282,CA
5545,CA
1286,CA
1295,CA
1297,CA
11311,CA
5543,CA
5538,CA
5534,CA
11321,CA
5517,CA
1327,CA
12717,CA
16814,CA
7805,CA
1240,CA
10212,CA
14252,CA
14375,CA
5116,CA
16660,CA
5115,CA
1607,CA
1609,CA
5100,CA
1617,CA
5098,CA
7997,CA
1635,CA
11486,CA
5086,CA
5082,CA
14399,CA
5071,CA
14403,CA
5054,CA
5053,CA
1665,CA
16637,CA
5050,CA
8014,CA
16625,CA
8016,CA
14374,CA
5236,CA
11424,CA
10148,CA
5231,CA
1503,CA
14258,CA
14267,CA
1509,CA
1513,CA
16708,CA
7940,CA
16706,CA
16698,CA
1532,CA
5184,CA
14319,CA
1546,CA
14334,CA
1548,CA
14348,CA
16693,CA
7968,CA
12636,CA
10162,CA
10159,CA
11941,CA
10154,CA
14360,CA
14373,CA
14010,CA
7706,CA
1230,CA
10472,CA
17050,CA
10469,CA
17047,CA
7516,CA
5869,CA
5867,CA
1029,CA
5856,CA
5852,CA
11266,CA
17029,CA
7545,CA
5835,CA
10450,CA
1054,CA
5829,CA
14009,CA
7576,CA
1073,CA
16997,CA
1077,CA
10449,CA
12865,CA
7587,CA
993,CA
7591,CA
12936,CA
10526,CA
13040,CA
6018,CA
13855,CA
13856,CA
10621,CA
10619,CA
17116,CA
7415,CA
7416,CA
5983,CA
7459,CA
927,CA
12974,CA
11256,CA
10549,CA
7461,CA
7462,CA
957,CA
17087,CA
17078,CA
13898,CA
7476,CA
7478,CA
973,CA
980,CA
17056,CA
7596,CA
5827,CA
16980,CA
5770,CA
10390,CA
16915,CA
1164,CA
5785,CA
10385,CA
10374,CA
13993,CA
13994,CA
10372,CA
13996,CA
13997,CA
10371,CA
10370,CA
5673,CA
13998,CA
11278,CA
7629,CA
16894,CA
10339,CA
14002,CA
7665,CA
14006,CA
14007,CA
1228,CA
10402,CA
7599,CA
12626,CA
10411,CA
16951,CA
1111,CA
1100,CA
5783,CA
11269,CA
16977,CA
10423,CA
10414,CA
5784,CA
16933,CA
14877,CO
15264,CO
15358,CO
5358,CO
14503,CO
8520,CO
13397,CO
14030,CO
9155,CO
4398,CO
13744,CO
6239,CO
9041,CO
4420,CO
4075,CO
5006,CO
6460,CO
14596,CO
5113,CO
9011,CO
5172,CO
7519,CO
8617,CO
5767,CO
5840,CO
9100,CO
5427,CO
13797,CO
3249,CO
7925,CO
12748,CO
7106,CO
4554,CO
3492,CO
5228,CO
5778,CO
7485,CO
6111,CO
8898,CO
3990,CO
13307,CO
15084,CO
9102,CO
9031,CO
11411,CO
9357,CO
11268,CO
2553,CO
569,CO
580,CO
641,CO
10784,CO
685,CO
16011,CO
10767,CO
10761,CO
2621,CO
16012,CO
3020,CO
15686,CO
17210,CO
756,CO
16260,CO
11892,CO
924,CO
16277,CO
897,CO
2111,CO
828,CO
11907,CO
2844,CO
9321,CO
10685,CO
11694,CO
1232,CO
16580,CO
2661,CO
1770,CO
9477,CO
10892,CO
15545,CO
15500,CO
448,CO
2472,CO
11745,CO
17129,CT
7904,CT
1589,CT
16405,CT
15034,CT
5244,CT
11994,CT
4519,CT
10213,CT
16387,CT
2964,CT
8794,CT
16644,CT
16659,CT
13910,CT
3883,CT
3458,CT
14005,CT
11292,CT
12223,CT
11744,CT
1247,CT
9344,CT
1301,CT
10076,CT
8198,CT
7520,CT
16460,CT
14530,CT
9007,CT
16764,CT
15797,CT
3695,CT
9944,CT
4631,CT
16108,CT
8478,CT
15530,CT
182,CT
3218,CT
8571,CT
16250,CT
13591,CT
14995,CT
425,CT
4193,CT
8464,CT
17454,CT
4269,CT
6579,CT
341,CT
10713,CT
14779,CT
3299,CT
7340,CT
17170,CT
13362,CT
13506,CT
11532,CA
8067,CA
14472,CA
2365,CA
4970,CA
9679,CA
14478,CA
1765,CA
15478,CA
14488,CA
4949,CA
12589,CA
16583,CA
11530,CA
14524,CA
8065,CA
4933,CA
4963,CA
14718,CA
5015,CA
4986,CA
1581,CA
11436,CA
11465,CA
14980,CA
1608,CA
16645,CA
4138,CA
16643,CA
10108,CA
11497,CA
8013,CA
8052,CA
14960,CA
5055,CA
16640,CA
1676,CA
16627,CA
14412,CA
4155,CA
5043,CA
4160,CA
5013,CA
16612,CA
4166,CA
11679,CA
16569,CA
11545,CA
8076,CA
16465,CA
2276,CA
12384,CA
2230,CA
12398,CA
4334,CA
4341,CA
10149,CA
4354,CA
9877,CA
12491,CA
9849,CA
2074,CA
12474,CA
4360,CA
4539,CA
2214,CA
16402,CA
4375,CA
9779,CA
8301,CA
4434,CA
14712,CA
9948,CA
1921,CA
4297,CA
2290,CA
8094,CA
4887,CA
14545,CA
12563,CA
4465,CA
1792,CA
12560,CA
12358,CA
2338,CA
16173,CA
10025,CA
4179,CA
14563,CA
10023,CA
16178,CA
10017,CA
4824,CA
12549,CA
10003,CA
9975,CA
2295,CA
14582,CA
12546,CA
4758,CA
4252,CA
9883,CA
4961,CA
14349,CA
7317,CA
13112,CA
6173,CA
778,CA
808,CA
6121,CA
826,CA
11198,CA
7368,CA
11200,CA
852,CA
7377,CA
12991,CA
7468,CA
7474,CA
11257,CA
5948,CA
7572,CA
12869,CA
1035,CA
1023,CA
5878,CA
12916,CA
762,CA
1002,CA
12946,CA
11258,CA
5926,CA
5928,CA
5936,CA
12954,CA
985,CA
13125,CA
720,CA
709,CA
450,CA
6514,CA
13309,CA
336,CA
320,CA
13329,CA
6467,CA
246,CA
148,CA
146,CA
143,CA
132,CA
73,CA
27,CA
201,CA
1071,CA
455,CA
523,CA
11148,CA
13140,CA
6256,CA
6266,CA
13160,CA
6281,CA
6416,CA
13174,CA
633,CA
13212,CA
11121,CA
535,CA
530,CA
6387,CA
637,CA
5794,CA
5781,CA
11275,CA
10220,CA
14206,CA
7883,CA
14199,CA
5295,CA
14180,CA
1453,CA
5331,CA
14163,CA
16767,CA
5361,CA
14150,CA
7846,CA
5379,CA
5335,CA
14141,CA
14231,CA
14249,CA
1549,CA
1545,CA
1536,CA
11393,CA
5191,CA
10189,CA
14244,CA
5202,CA
7918,CA
16736,CA
11385,CA
10210,CA
5237,CA
5247,CA
1505,CA
10157,CA
14132,CA
11329,CA
5580,CA
5587,CA
1227,CA
11300,CA
7669,CA
5636,CA
11309,CA
1223,CA
12823,CA
5729,CA
5756,CA
5765,CA
12836,CA
1143,CA
5683,CA
5429,CA
1280,CA
11310,CA
5436,CA
14128,CA
1341,CA
14127,CA
14121,CA
14118,CA
14058,CA
10249,CA
14107,CA
10261,CA
12763,CA
12775,CA
7708,CA
5539,CA
5483,CA
5297,CA
5286,CA
2794,CA
2520,CA
15755,CA
9302,CA
2713,CA
11698,CA
15434,CA
15583,CA
2504,CA
16000,CA
3235,CA
15996,CA
15181,CA
9382,CA
9404,CA
11921,CA
15704,CA
15175,CA
11950,CA
15765,CA
3691,CA
3050,CA
2700,CA
15095,CA
9639,CA
12298,CA
9261,CA
15886,CA
9626,CA
2843,CA
15023,CA
15529,CA
3964,CA
15213,CA
2966,CA
12002,CA
9577,CA
12005,CA
15854,CA
3201,CA
9449,CA
9309,CA
11955,CA
9126,CA
2974,CA
3569,CA
9234,CA
11890,CA
15547,CA
2760,CA
15437,CA
3717,CA
2592,CA
2817,CA
15377,CA
15533,CA
15219,CA
12249,CA
16055,CA
15029,CA
3887,CA
9595,CA
9095,CA
3284,CA
2484,CA
16093,CA
11977,CA
15460,CA
9539,CA
12303,CA
11852,CA
3145,CA
15482,CA
2800,CA
15135,CA
3855,CA
3333,CA
15147,CA
9088,CA
15149,CA
16097,CA
2469,CA
15403,CA
12068,CA
2485,CA
3010,CA
4061,CA
11799,CA
15238,CA
15737,CA
2689,CA
9202,CA
15170,CA
3525,CA
15272,CA
11668,CO
1842,CO
9416,CO
5306,CO
4152,CO
12360,CO
6543,CO
5238,CO
9425,CO
9156,CO
15707,CO
5355,CO
11261,CO
14500,CO
3036,CO
4474,CO
6421,CO
11722,CO
16587,CO
15623,CO
4837,CO
3309,CO
494,CO
15157,CO
3007,CO
12577,CO
4381,CO
11810,CO
14123,CO
15378,CO
14899,CO
5099,CO
4324,CO
1239,CO
2655,CO
1039,CO
151,CO
2704,CO
16062,CO
13310,CO
2653,CO
3307,CO
6296,CO
310,CO
9143,CO
11086,CO
601,CO
13016,CO
2501,CO
1325,CO
4200,CT
8015,CT
11277,CT
4807,CT
15784,CT
5930,CT
2860,CT
2348,CT
3104,CT
9567,CT
11632,CT
9718,CT
6367,CT
11124,CT
6179,CT
6500,CT
6084,DC
3836,DC
8158,DC
9562,DC
3561,DC
11968,DC
11569,DC
873,DC
15948,DC
12598,DC
15263,DC
6804,DC
12675,DC
12705,DC
3113,DC
8272,DC
9749,DC
8326,DC
5264,DC
3669,DC
12465,DE
11028,DE
10924,DE
2205,DE
10421,DE
5741,DE
6982,DE
14581,DE
9962,DE
13847,DE
12201,DE
1144,DE
17472,DE
9016,DE
13582,DE
7200,DE
485,DE
9308,DE
7201,DE
15091,DE
12856,DE
12965,DE
16470,DE
9985,District Of Columbia
7958,DC
2510,DC
8260,DC
6232,DC
9750,DC
1033,DC
1032,DC
3138,DC
7957,DC
16639,DC
9087,DC
10011,DC
3843,DC
4600,DC
4938,DC
14957,DC
14983,DC
16289,DC
5650,FL
16902,FL
5799,FL
2802,FL
4994,FL
17163,FL
9037,FL
16984,FL
8892,FL
1727,FL
7777,FL
13975,FL
7819,FL
8994,FL
3641,FL
1220,FL
5408,FL
13073,FL
12686,FL
830,FL
5395,FL
13990,FL
13803,FL
13988,FL
11344,FL
5774,FL
11863,FL
13831,FL
5366,FL
1343,FL
13986,FL
14152,FL
10672,FL
3671,FL
16895,FL
10698,FL
16761,FL
14151,FL
5311,FL
12913,FL
17000,FL
15201,FL
2929,FL
7905,FL
5143,FL
10495,FL
3448,FL
12983,FL
12981,FL
5986,FL
1456,FL
17097,FL
2762,FL
13919,FL
10571,FL
15681,FL
17089,FL
13894,FL
10545,FL
15214,FL
10179,FL
13913,FL
12637,FL
971,FL
12609,FL
7939,FL
17067,FL
1524,FL
8924,FL
5803,FL
9012,FL
14237,FL
17025,FL
8011,FL
1050,FL
5294,FL
11487,FL
8008,FL
10454,FL
12668,FL
9472,FL
5270,FL
11484,FL
10222,FL
10640,FL
5101,FL
5266,FL
12117,FL
11248,FL
13950,FL
11477,FL
9044,FL
1603,FL
8982,FL
2781,FL
7393,FL
6007,FL
3763,FL
14116,FL
17034,FL
17063,FL
3130,FL
15161,FL
11635,FL
4319,FL
6668,FL
2258,FL
7025,FL
8496,FL
8751,FL
10993,FL
4322,FL
16196,FL
13465,FL
4292,FL
6716,FL
6731,FL
17439,FL
8749,FL
17440,FL
7005,FL
6684,FL
11002,FL
13468,FL
17436,FL
8327,FL
7134,FL
13279,FL
13302,FL
384,FL
7096,FL
12448,FL
13519,FL
263,FL
2538,FL
10901,FL
6554,FL
6559,FL
6570,FL
3180,FL
7055,FL
16286,FL
16266,FL
9364,FL
14453,FL
15006,FL
4266,FL
9708,FL
14903,FL
6938,FL
3157,FL
2387,FL
6874,FL
8679,FL
10314,FL
4192,FL
2399,FL
8684,FL
2475,FL
2417,FL
4131,FL
4078,FL
12318,FL
7693,FL
6915,FL
2477,FL
2493,FL
14896,FL
167,FL
6997,FL
6996,FL
4259,FL
11004,FL
13459,FL
14863,FL
11657,FL
8595,FL
6854,FL
9723,FL
13360,FL
5576,FL
13436,FL
9024,FL
11012,FL
2345,FL
4210,FL
6849,FL
4050,FL
3984,FL
8323,FL
15553,FL
15097,FL
10020,FL
1825,FL
15600,FL
13736,FL
3240,FL
11333,FL
3890,FL
9963,FL
8156,FL
4799,FL
4775,FL
7230,FL
14609,FL
9015,FL
4729,FL
657,FL
9013,FL
3612,FL
10742,FL
8876,FL
8874,FL
15153,FL
11540,FL
15405,FL
10039,FL
12594,FL
3849,FL
11541,FL
1754,FL
10035,FL
15959,FL
9523,FL
12753,FL
15110,FL
14026,FL
16556,FL
3925,FL
10809,FL
11740,FL
17269,FL
8247,FL
507,FL
13707,FL
16433,FL
3944,FL
9879,FL
7199,FL
498,FL
10869,FL
14705,FL
17325,FL
11731,FL
11956,FL
6454,FL
4523,FL
7688,FL
7181,FL
14660,FL
10827,FL
10771,FL
14653,FL
13682,FL
16006,FL
8205,FL
17275,FL
13635,FL
4668,FL
4667,FL
10812,FL
590,FL
7208,FL
17278,FL
8213,FL
8222,FL
11934,FL
10285,FL
13218,FL
1233,FL
7667,FL
3578,FL
5574,FL
11298,FL
7649,FL
1255,FL
3522,FL
15314,FL
7668,FL
5629,FL
3582,FL
1216,FL
9298,FL
1191,FL
3059,FL
640,FL
639,FL
607,FL
13211,FL
589,FL
3066,FL
3208,FL
6424,FL
6440,FL
465,FL
6464,FL
449,FL
390,FL
15446,FL
11069,FL
204,FL
190,FL
9192,FL
120,FL
93,FL
29,FL
3123,FL
7292,FL
7620,FL
697,FL
6220,FL
5722,FL
9353,FL
5752,FL
5758,FL
3493,FL
12853,FL
15730,FL
2921,FL
12955,FL
5994,FL
7435,FL
11254,FL
6021,FL
7389,FL
861,FL
11208,FL
6112,FL
7363,FL
6136,FL
13106,FL
11175,FL
769,FL
15407,FL
721,FL
1256,FL
9651,FL
1258,FL
14536,FL
11760,FL
1780,FL
11759,FL
3879,FL
1802,FL
2619,FL
10001,FL
10000,FL
3901,FL
1885,FL
1917,FL
3922,FL
9947,FL
4726,FL
8182,FL
1935,FL
4690,FL
8210,FL
4664,FL
1964,FL
8053,FL
1718,FL
12611,FL
9487,FL
16725,FL
5192,FL
3733,FL
14314,FL
14329,FL
2728,FL
16694,FL
9451,FL
11804,FL
11423,FL
14649,FL
3751,FL
15203,FL
7985,FL
7988,FL
16650,FL
5091,FL
14400,FL
14406,FL
5024,FL
5023,FL
14432,FL
11803,FL
9942,FL
9940,FL
1971,FL
2294,FL
12368,FL
16177,FL
14861,FL
2487,FL
16175,FL
4223,FL
4221,FL
4051,FL
2343,FL
4275,FL
9714,FL
14895,FL
16145,FL
4172,FL
4162,FL
14933,FL
4151,FL
11675,FL
14979,FL
4112,FL
12317,FL
2486,FL
14253,FL
16182,FL
16186,FL
8236,FL
9911,FL
4581,FL
2045,FL
12478,FL
14703,FL
16408,FL
3968,FL
11604,FL
4478,FL
16183,FL
16044,FL
3987,FL
16347,FL
9817,FL
4410,FL
9811,FL
4008,FL
2229,FL
2244,FL
14806,FL
14848,FL
14735,FL
10190,FL
15108,FL
1397,FL
14202,FL
11349,FL
14178,FL
5318,FL
12684,FL
12685,FL
12082,FL
7854,FL
11346,FL
2460,FL
1360,FL
15792,FL
10224,FL
1359,FL
12689,FL
12697,FL
7822,FL
7814,FL
11324,FL
11323,FL
11839,FL
14066,FL
3596,FL
5536,FL
11315,FL
1265,FL
10241,FL
5268,FL
15246,FL
10216,FL
4724,GA
11115,GA
12720,GA
6991,GA
12118,GA
11260,GA
7210,GA
10400,GA
16718,GA
6952,GA
3220,GA
8211,GA
5337,GA
7218,GA
605,GA
4711,GA
10966,GA
13977,GA
8179,GA
15715,GA
650,GA
10431,GA
15431,GA
5212,GA
5537,GA
11049,GA
5570,GA
7585,GA
10448,GA
13460,GA
11425,GA
6789,GA
14700,GA
16258,GA
17424,GA
10992,GA
8438,GA
8426,GA
8412,GA
351,GA
2132,GA
365,GA
13939,GA
14279,GA
8360,GA
4445,GA
4889,GA
8550,GA
2100,GA
444,GA
10373,GA
15324,GA
8313,GA
8787,GA
2091,GA
16921,GA
16032,GA
3203,GA
2869,GA
10483,GA
17441,GA
5206,GA
10031,GA
8940,GA
865,GA
15699,GA
891,GA
12011,GA
14385,GA
9168,GA
5544,GA
8873,GA
1279,GA
857,GA
11033,GA
890,GA
5125,GA
1426,GA
16103,GA
3796,GA
15956,GA
15408,GA
15888,GA
15163,GA
9092,GA
12817,GA
16830,GA
2473,GA
13850,GA
858,GA
72,GA
2092,GA
5046,GA
6217,GA
4273,GA
1353,GA
16179,GA
16411,GA
486,GA
13249,GA
1049,GA
7768,GA
11573,GA
12718,GA
15673,GA
9592,GA
1437,GA
12935,GA
282,GA
12830,GA
7801,GA
318,GA
15022,GA
5129,GA
11720,GA
3643,GA
7981,GA
12373,GA
348,GA
11504,GA
6015,GA
1594,GA
16323,GA
16341,GA
4283,GA
9227,GA
12450,GA
967,GA
7311,GA
237,GA
7616,GA
15439,GA
5485,GA
12719,GA
16443,GA
3341,GA
625,GA
7366,GA
12055,GA
11561,GA
1091,GA
9951,GA
9952,GA
642,GA
11808,GA
11560,GA
12346,GA
3372,GA
1402,GA
2377,GA
14572,GA
7868,GA
14571,GA
4839,GA
6249,GA
6243,GA
16757,GA
11905,GA
5985,GA
3009,GA
11172,GA
10278,GA
127,GA
16610,GA
3325,GA
11572,GA
524,GA
12110,GA
7966,GA
14870,GA
3712,GA
11515,GA
11516,GA
3823,GA
2680,GA
4998,GA
11303,GA
1060,GA
2745,GA
14626,GA
7601,GA
14640,GA
6348,GA
4219,GA
15879,GA
6137,GA
16464,GA
3815,GA
11099,HI
3949,HI
11647,HI
8071,HI
4803,HI
17401,HI
12665,HI
14427,HI
7187,HI
17248,HI
10577,HI
3591,HI
12820,HI
8122,HI
4106,HI
16663,HI
6761,IA
15008,IA
13455,IA
13428,IA
15350,IA
2589,IA
9916,IA
4571,IA
845,IA
13098,IA
8218,IA
6664,IA
13573,IA
8881,IA
15235,IA
10227,IA
7203,IA
3047,IA
4850,IA
12444,IA
10911,IA
8780,IA
15024,IA
3998,IA
1112,IA
9414,ID
9116,ID
188,ID
10447,ID
9051,ID
1373,ID
12523,ID
16577,ID
15349,ID
3857,ID
6699,ID
8287,ID
367,ID
16031,ID
9301,ID
6503,ID
1418,ID
2997,ID
10587,IL
9091,IL
8911,IL
8891,IL
8722,IL
6930,IL
8718,IL
12114,IL
9042,IL
9005,IL
12777,IL
7900,IL
7821,IL
12702,IL
8552,IL
7016,IL
12449,IL
10889,IL
13273,IL
7185,IL
11407,IL
9350,IL
10835,IL
9415,IL
9121,IL
12765,IL
8618,IL
9032,IL
11014,IL
11777,IL
11445,IL
11043,IL
5340,IL
2325,IL
13664,IL
1169,IL
13632,IL
3716,IL
312,IL
2813,IL
14894,IL
1981,IL
4175,IL
13596,IL
6451,IL
4140,IL
6482,IL
13558,IL
14353,IL
14351,IL
17445,IL
17117,IL
14328,IL
4982,IL
1365,IL
5997,IL
16711,IL
2643,IL
4652,IL
2686,IL
634,IL
4483,IL
14617,IL
1923,IL
13801,IL
14604,IL
15302,IL
1081,IL
4801,IL
2557,IL
17094,IL
1369,IL
13699,IL
491,IL
13499,IL
16522,IL
6733,IL
1276,IL
15620,IL
13478,IL
6583,IL
14317,IL
4043,IL
6824,IL
15742,IL
17148,IL
5276,IL
14130,IL
16822,IL
6861,IL
1275,IL
17150,IL
15158,IL
6852,IL
16133,IN
10569,IN
8538,IN
12271,IN
16373,IN
1272,IN
13638,IN
12377,IN
15828,IN
13724,IN
13359,IN
1382,IN
996,IN
13395,IN
4665,IN
13844,IN
10854,IN
17054,IN
12430,IN
10277,IN
13967,IN
13968,IN
13741,IN
14541,IN
6823,IN
4920,IN
6229,IN
1557,IN
17099,IN
11005,IN
6663,IN
6466,IN
5480,IN
15528,IN
1984,IN
10037,IN
4074,IN
17181,IN
14879,IN
17216,IN
16845,IN
6563,IN
4099,IN
11013,IN
15007,IN
16796,IN
10995,IN
2302,Idaho
3899,Idaho
2923,Idaho
9560,Idaho
12806,Idaho
3982,Idaho
2453,Idaho
11667,Idaho
12690,IL
2670,IL
7989,IL
3852,IL
12482,IL
226,IL
16235,IL
8180,IL
7480,IL
172,IL
15636,IL
4507,IL
15978,IL
16525,IL
16442,IL
15983,IL
11434,IL
620,IL
9264,IL
12824,IL
5049,IL
11354,IL
1364,IL
321,IL
9702,IL
12121,IL
344,IL
7935,IL
171,IL
12335,IL
5442,IL
16098,IL
14220,IL
3726,IL
1553,IL
175,IL
5563,IL
14871,IL
14764,IL
12858,IL
3244,IL
429,IL
11724,IL
4115,IL
14490,IL
249,IL
2822,IL
2646,IL
11391,IN
4693,IN
12531,IN
771,IN
2725,IN
4694,IN
15782,IN
14166,IN
3587,IN
4098,IN
9908,IN
6521,IN
6113,IN
11714,IN
3588,IN
4396,IN
3586,IN
4542,IN
4066,IN
7287,IN
11279,IN
4054,IN
6455,IN
4052,IN
12187,IN
3752,IN
15178,IN
2666,IN
11390,IA
14455,IA
9053,IA
11352,IA
5515,IA
886,IA
15390,IA
9249,IA
584,IA
10053,IA
13978,KS
10442,KS
3206,KS
5685,KS
8674,KS
7161,KS
2265,KS
2245,KS
11807,KS
840,KS
2040,KS
16380,KS
14197,KS
8941,KS
17243,KS
6106,KS
4558,KS
13954,KS
8280,KS
15285,KS
15768,KY
1751,KY
9071,KY
9758,KY
7064,KY
10490,KY
17030,KY
3027,KY
6715,KY
10473,KY
16379,KY
5967,KY
12158,KY
1728,KY
5179,KY
1215,KY
10462,KY
16685,KY
2731,KY
1151,KS
12145,KS
14274,KS
7565,KS
15395,KS
7558,KS
548,KS
14803,KS
1438,KS
2568,KS
538,KY
13159,KY
3230,KY
10175,KY
5947,KY
3814,KY
16613,KY
15124,KY
3828,KY
12643,KY
12471,KY
16521,KY
3966,KY
16141,KY
12940,KY
2505,KY
11084,KY
719,KY
5992,KY
14732,KY
1593,KY
16774,KY
15311,KY
7619,KY
14396,KY
15306,KY
4996,LA
9002,LA
4617,LA
12680,LA
8985,LA
4759,LA
12574,LA
4751,LA
17015,LA
9029,LA
14722,LA
4505,LA
11273,LA
5183,LA
3729,LA
10443,LA
1319,LA
17255,LA
16550,LA
7075,LA
6361,LA
11710,LA
10808,LA
7033,LA
9480,LA
13743,LA
9356,LA
472,LA
439,LA
15572,LA
5496,LA
4950,LA
1412,LA
15469,LA
5350,LA
1891,LA
3102,LA
8235,LA
9820,LA
4634,LA
3374,LA
16176,LA
11206,LA
2818,LA
4727,LA
421,LA
2499,LA
13229,LA
3677,MA
14772,MA
8444,MA
16005,MA
6114,MA
17307,MA
13861,MA
13862,MA
9033,MA
12977,MA
9039,MA
10467,MA
15944,MA
550,MA
12948,MA
15374,MA
4730,MA
8163,MA
16026,MA
7242,MA
15631,MA
13193,MA
16841,MA
7032,MA
9810,MA
15012,MA
16425,MA
3980,MA
13448,MA
12255,MA
3951,MA
15046,MA
11322,MA
1294,MA
15082,MA
17467,MA
3808,MA
13481,MA
10408,MA
2180,MA
234,MA
8487,MA
8534,MA
10392,MA
13658,MA
9731,MA
13630,MA
13624,MA
1217,MA
8608,MA
6422,MA
17429,MA
6431,MA
13265,MA
7174,MA
7137,MA
9770,MA
11339,MA
8288,MA
15710,MA
2797,MA
3199,MA
15451,MA
15438,MA
12567,MA
17237,MA
9403,MA
12801,MA
2764,MA
3173,MA
11501,MA
5486,MA
935,MA
5521,MA
9358,MA
14507,MA
3209,MA
7807,MA
10528,MA
1647,MA
13335,MD
14004,MD
6103,MD
8447,MD
9970,MD
14731,MD
8440,MD
10558,MD
13761,MD
8996,MD
4403,MD
10867,MD
170,MD
8767,MD
5695,MD
14816,MD
15853,MD
14103,MD
10675,MD
4147,MD
10606,MD
17437,MD
4063,MD
11082,MD
1652,MD
5141,MD
4256,MD
5118,MD
10389,MD
15461,MD
2834,MD
15228,MD
5592,MD
8537,MD
10902,MD
15020,MD
17372,MD
11864,MD
8992,MD
13823,MD
8697,MD
13900,MD
6879,MD
15705,MD
13983,MD
2089,MD
2687,MD
12163,MD
12562,MD
15154,MD
8851,MD
10744,MD
3261,MD
5982,MD
10004,MD
11779,MD
11035,MD
8289,MD
10082,MD
4749,MD
16400,MD
16825,MD
10501,MD
13042,MD
17253,MD
17263,MD
13848,MD
16412,MD
15881,MD
6989,MD
11234,MD
17061,MD
6835,MD
8980,ME
5162,ME
4238,ME
10996,ME
16576,ME
12645,ME
1210,ME
3324,ME
1736,ME
3750,ME
9465,ME
1750,ME
2714,ME
13955,ME
2873,ME
1357,ME
11205,ME
703,ME
15315,ME
9606,ME
3991,ME
11253,ME
3999,ME
4298,ME
3214,ME
2649,ME
4400,ME
4399,ME
16990,ME
14708,ME
16025,ME
13169,ME
11776,ME
15185,ME
14696,ME
13980,ME
16641,ME
16948,ME
12270,ME
3476,ME
3475,ME
17316,ME
5797,ME
15398,ME
13298,ME
2780,ME
14117,MI
9829,MI
1342,MI
12656,MI
9345,MI
8929,MI
5446,MI
13386,MI
13413,MI
5333,MI
15005,MI
3779,MI
6734,MI
7046,MI
14810,MI
8437,MI
10110,MI
11145,MI
11001,MI
16495,MI
8277,MI
13023,MI
14515,MI
13022,MI
17306,MI
4586,MI
4455,MI
3477,MI
612,MI
16531,MI
15367,MI
11395,MI
13969,MI
1824,MI
2712,MI
982,MI
4829,MI
4613,MI
13762,MI
4472,MI
9125,MI
6430,MI
11568,MI
4442,MI
16910,MI
10592,MI
1136,MI
7222,MI
14073,MI
14909,MI
1584,MI
4993,MI
261,MI
8998,MI
14932,MI
1366,MI
4214,MI
2312,MN
10018,MN
15724,MN
3718,MN
3417,MN
3781,MN
3514,MN
16009,MN
9569,MN
9000,MN
10021,MN
15637,MN
16697,MN
9859,MN
4555,MN
11204,MN
8570,MN
8245,MN
11280,MN
1123,MN
7648,MN
5969,MN
12517,MN
6644,MN
5226,MN
16843,MN
10487,MN
12526,MN
14413,MN
654,MN
784,MN
10497,MN
5868,MN
4817,MN
13681,MN
5376,MN
12687,MN
8340,MN
10998,MN
8867,MN
10432,MN
13858,MN
10095,MO
14251,MO
15613,MO
12464,MO
11914,MO
17128,MO
11017,MO
6923,MO
14294,MO
11626,MO
1561,MO
14449,MO
11259,MO
8167,MO
8026,MO
8193,MO
11470,MO
5104,MO
15464,MO
11946,MO
12503,MO
5130,MO
1620,MO
6752,MO
4575,MO
150,MO
15729,MO
13799,MO
9529,MO
10341,MO
14991,MO
4299,MO
4300,MO
13808,MO
4302,MO
13930,MO
11603,MO
17313,MO
16028,MO
16296,MO
15267,MO
5553,MO
1430,MO
13192,MO
10691,MO
7214,MO
2789,MO
16071,MS
2455,MS
11293,MS
1299,MS
6513,MS
9818,MS
15281,MS
15417,MS
6567,MS
14347,MS
3264,MS
1636,MS
75,MS
8259,MS
13971,MS
9003,MS
7897,MS
7835,MS
1878,MT
8081,MT
16287,MT
1572,MT
5425,MT
17384,MT
13985,MT
515,MT
447,MT
5092,MT
3068,MT
9166,MT
13054,MT
11639,MT
11478,MT
3478,MT
7121,MT
4725,MT
14915,MT
1446,MT
89,MT
9008,MT
8278,MT
1348,MT
7513,ME
5873,ME
11130,ME
4608,ME
795,ME
15343,ME
4289,ME
5406,ME
12998,ME
13005,ME
12095,ME
15860,ME
11178,ME
15775,ME
714,ME
4173,ME
7552,ME
1555,ME
12213,ME
2902,ME
16690,ME
1950,ME
15992,ME
6541,ME
15851,ME
15190,ME
9909,ME
9591,ME
6071,ME
14639,ME
5609,MD
9340,MD
5665,MD
9794,MD
11533,MD
7735,MD
5980,MD
15889,MD
5981,MD
11768,MD
4267,MD
6056,MD
13109,MD
6287,MD
10298,MD
16100,MD
3937,MD
1968,MD
2371,MD
9939,MD
6383,MD
2706,MD
14138,MD
1560,MD
3136,MD
4940,MD
3380,MD
16734,MD
1489,MA
2533,MA
14753,MA
1730,MA
4916,MA
11730,MA
2356,MA
3023,MA
10088,MA
9732,MA
284,MA
7354,MA
5418,MA
2705,MA
4307,MA
15100,MA
11510,MA
11153,MI
938,MI
1586,MI
157,MI
14809,MI
1579,MI
7984,MI
7573,MI
9402,MI
11862,MI
7715,MI
1843,MI
3825,MI
12573,MI
13304,MI
3488,MI
6330,MI
155,MI
12884,MI
14391,MI
4856,MI
14769,MI
3585,MI
1041,MN
5968,MN
7455,MN
1010,MN
532,MN
12597,MN
915,MN
1994,MN
1991,MN
6475,MN
15060,MN
2347,MN
9688,MN
3931,MN
2432,MN
11095,MN
3957,MN
12934,MN
13164,MN
9604,MN
14440,MN
11104,MN
3427,MN
5888,MN
1452,MN
2848,MN
11598,MN
15319,MN
9774,MN
7646,MN
1783,MN
1451,MN
732,MN
4549,MN
14175,MN
629,MN
667,MN
1470,MN
11500,MN
3085,MN
14222,MN
4894,MN
2736,MN
7566,MN
16362,MS
7690,MS
13143,MS
14994,MS
2042,MS
6328,MS
6329,MS
3221,MS
1086,MS
16516,MS
9871,MS
6337,MS
9052,MS
2041,MS
1493,MS
11531,MS
1454,MS
14993,MS
10056,MS
10058,MS
3683,MS
15625,MO
4477,MO
16456,MO
4476,MO
5504,MO
5441,MO
5490,MO
4893,MO
8082,MO
6275,MO
11471,MO
11644,MO
708,MO
13039,MO
3436,MO
1188,MO
9999,MO
203,MO
3143,MO
14849,MO
11829,MO
9617,MO
1920,MO
4823,MO
10118,MO
12064,MO
15586,MO
7916,MT
3482,MT
8268,MT
14679,MT
2242,MT
4007,MT
1034,MT
71,NC
17460,NC
17481,NC
11016,NC
9861,NC
17442,NC
11318,NC
17422,NC
10297,NC
1248,NC
11325,NC
1180,NC
11276,NC
10233,NC
16957,NC
10437,NC
16986,NC
1004,NC
10533,NC
17074,NC
10583,NC
11476,NC
1644,NC
17119,NC
10624,NC
17421,NC
403,NC
17333,NC
10879,NC
1871,NC
10829,NC
281,NC
1822,NC
10714,NC
831,NC
832,NC
848,NC
10649,NC
11508,NC
10725,NC
868,NC
13375,NC
8347,NC
5952,NC
3362,NC
3348,NC
15404,NC
15416,NC
9118,NC
3212,NC
6134,NC
13783,NC
9035,NC
3117,NC
9199,NC
7291,NC
3049,NC
3011,NC
7225,NC
13198,NC
11875,NC
2913,NC
7193,NC
13752,NC
7179,NC
5893,NC
13970,NC
4646,NC
4632,NC
8292,NC
8331,NC
8368,NC
8410,NC
8548,NC
8556,NC
4262,NC
13963,NC
8602,NC
8699,NC
12260,NC
7755,NC
8895,NC
5613,NC
8983,NC
15240,NC
12062,NC
5723,NC
5291,NC
7111,NC
13879,NC
2676,NC
16213,NC
15995,NC
7070,NC
15997,NC
15964,NC
9590,NC
11661,NC
9501,NC
6927,NC
6907,NC
6671,NC
11614,NC
9661,NC
2681,NC
2530,NC
7029,NC
7678,ND
3111,ND
4815,ND
6869,ND
1776,ND
4357,ND
14872,ND
13269,NE
5771,NE
10839,NE
12071,NE
14405,NE
14129,NE
13878,NE
10399,NE
13753,NE
10903,NE
14136,NE
3480,NH
13902,NH
6641,NH
662,NH
741,NH
15799,NH
6767,NH
5552,NH
5528,NH
1211,NH
4274,NH
5262,NH
12437,NH
11264,NH
4958,NH
13957,NH
11963,NH
6675,NH
9983,NH
15435,NH
13710,NH
1743,NH
10059,NH
15741,NH
11889,NH
13627,NH
15452,NH
3186,NH
200,NH
236,NH
13528,NJ
16926,NJ
16922,NJ
7894,NJ
15714,NJ
17464,NJ
8553,NJ
882,NJ
17140,NJ
13438,NJ
8562,NJ
893,NJ
6777,NJ
4257,NJ
8576,NJ
5290,NJ
8580,NJ
105,NJ
8709,NJ
5242,NJ
8446,NJ
7943,NJ
4764,NJ
10494,NJ
12524,NJ
14642,NJ
991,NJ
9408,NJ
2129,NJ
12520,NJ
12515,NJ
12605,NJ
17033,NJ
4563,NJ
8021,NJ
7182,NJ
7183,NJ
7184,NJ
5076,NJ
7186,NJ
8371,NJ
4417,NJ
13424,NJ
13603,NJ
5106,NJ
1118,NJ
8777,NJ
8734,NJ
7213,NJ
15234,NJ
8989,NJ
5410,NJ
13995,NJ
6646,NJ
9229,NJ
17367,NJ
13137,NJ
11009,NJ
17321,NJ
12929,NJ
14001,NJ
7052,NJ
13925,NJ
7066,NJ
16480,NJ
5964,NJ
4834,NJ
2558,NJ
16695,NJ
13866,NJ
6099,NJ
7381,NJ
16001,NJ
1898,NJ
14003,NJ
17373,NJ
3699,NJ
13670,NJ
14109,NJ
17166,NJ
6768,NJ
7745,NJ
12776,NJ
10695,NJ
12197,NJ
13686,NJ
8880,NJ
8894,NJ
12185,NJ
11055,NJ
3777,NJ
3739,NJ
9257,NJ
15622,NJ
5550,NJ
15652,NJ
15890,NJ
17443,NJ
14546,NM
10836,NM
5320,NM
17451,NM
6309,NM
17318,NM
7068,NM
11185,NM
13948,NM
12621,NM
5007,NM
10601,NM
214,NM
2060,NM
1,NM
1480,NM
8959,NM
3272,NM
16682,NM
3149,NM
1298,NM
1605,NM
15036,NM
3092,NM
3046,NM
2871,NM
1809,NM
8457,NM
9223,NM
16549,NM
12535,NM
121,NV
6797,NV
9151,NV
11949,NV
10858,NV
1583,NV
6826,NV
10168,NV
10507,NV
10022,NV
10183,NV
15364,NV
5943,NV
3487,NV
13951,NV
17465,NV
11627,NV
13964,NV
15372,NV
6014,NV
123,NV
16136,NV
13566,NV
9493,NV
6478,NV
15955,NV
2806,NV
2819,NV
2836,NV
16472,NV
13619,NV
15685,NV
10939,NV
17420,NV
1929,NV
5787,NV
6298,NV
7286,NV
15536,NV
446,NV
6231,NV
2360,NV
3642,NV
10832,NV
8937,NV
12704,NV
3904,NV
5505,NV
9850,NV
14074,NV
8012,NV
856,NV
8345,NV
11317,NV
12463,NV
1324,NV
12785,NV
5530,NV
4531,NV
851,NV
1285,NV
4814,NV
8986,NV
5624,NV
4260,NV
14560,NV
4105,NV
872,NV
7893,NV
954,NV
889,NV
14891,NY
15750,NY
16964,NY
14795,NY
12370,NY
11550,NY
11830,NY
11549,NY
13564,NY
11814,NY
14777,NY
14230,NY
11838,NY
12058,NY
11753,NY
11806,NY
16322,NY
16264,NY
11642,NY
14551,NY
16445,NY
16207,NY
11652,NY
12583,NY
14670,NY
15820,NY
11653,NY
16156,NY
13358,NY
14706,NY
11562,NY
16132,NY
16111,NY
11737,NY
17428,NY
16965,NY
11654,NY
13621,NY
16618,NY
13666,NY
13852,NY
11978,NY
12135,NY
16707,NY
15362,NY
12134,NY
15351,NY
14011,NY
15328,NY
15327,NY
13949,NY
14008,NY
12905,NY
12822,NY
12891,NY
15316,NY
17257,NY
12056,NY
15220,NY
12057,NY
15273,NY
17169,NY
12332,NY
16827,NY
15448,NY
11521,NY
16616,NY
16868,NY
16617,NY
15233,NY
15678,NY
17379,NY
11920,NY
11092,NY
11932,NY
15550,NY
14998,NY
15032,NY
13185,NY
13729,NY
12267,NY
17327,NY
15048,NY
15510,NY
14076,NY
16828,NY
13845,NY
14565,NY
17484,NY
4459,NY
7191,NY
5062,NY
5559,NY
3601,NY
3599,NY
1083,NY
3526,NY
3490,NY
7173,NY
1113,NY
5059,NY
3367,NY
3360,NY
3359,NY
10067,NY
10061,NY
3358,NY
7410,NY
7347,NY
912,NY
4656,NY
901,NY
10428,NY
10422,NY
6818,NY
5602,NY
10404,NY
5600,NY
3867,NY
3864,NY
3863,NY
10333,NY
691,NY
6882,NY
3856,NY
3835,NY
3834,NY
3833,NY
3832,NY
4645,NY
10240,NY
10024,NY
1254,NY
7464,NY
3216,NY
1890,NY
9361,NY
9359,NY
2720,NY
5399,NY
4967,NY
5368,NY
2598,NY
8686,NY
2539,NY
2519,NY
8795,NY
8817,NY
8866,NY
2366,NY
8981,NY
5293,NY
9004,NY
8990,NY
8128,NY
4591,NY
8078,NY
2870,NY
7509,NY
9848,NY
3098,NY
9833,NY
5503,NY
3096,NY
9734,NY
7716,NY
1551,NY
3069,NY
3062,NY
7824,NY
7826,NY
7832,NY
2963,NY
5451,NY
2962,NY
9518,NY
8057,NY
1782,NY
6810,NY
3312,NY
6117,NY
10894,NY
5801,NY
10893,NY
6655,NY
6017,NY
6355,NY
4048,NY
4315,NY
364,NY
11007,NY
5701,NY
5780,NY
5929,NY
6311,NY
6234,NY
5158,NY
4149,NY
10735,NY
4123,NY
4079,NY
322,NY
4088,NY
355,NY
81,NY
4309,NY
6515,NY
3994,NY
10898,NY
11022,NY
6406,NY
6407,NY
6408,NY
6050,NY
6409,NY
10651,NY
6492,NY
9339,NE
3620,NE
12606,NE
1565,NE
12085,NE
9599,NV
15115,NV
14965,NV
67,NV
5910,NV
3326,NV
15287,NV
7399,NV
15662,NV
10128,NV
3061,NV
9272,NV
11548,NV
3653,NV
124,NV
14264,NV
4896,NV
314,NV
13280,NV
1612,NV
12838,NV
2856,NV
16554,NV
2158,NV
12878,NV
14357,NV
2863,NV
6412,NV
15459,NV
1598,NV
1863,NV
16705,NV
6152,NH
205,NH
14938,NH
15629,NH
4980,NH
3892,NH
13204,NH
9089,NH
2322,NH
2675,NJ
13282,NJ
2247,NJ
2333,NJ
1952,NJ
2446,NJ
12571,NJ
12863,NJ
2200,NJ
12903,NJ
8230,NJ
2853,NJ
7710,NJ
2380,NJ
13281,NJ
8194,NJ
4501,NJ
4491,NJ
10202,NJ
9452,NJ
14460,NJ
12282,NJ
6530,NJ
12060,NJ
1757,NJ
12624,NJ
14836,NJ
11443,NJ
11147,NJ
15052,NJ
6485,NJ
13284,NJ
16076,NJ
5328,NJ
9314,NM
16268,NM
10206,NM
2144,NM
10030,NM
12825,NM
15900,NM
9271,NM
5805,NY
4943,NY
15780,NY
12544,NY
6039,NY
8132,NY
12543,NY
16140,NY
2367,NY
8047,NY
5135,NY
8025,NY
2358,NY
14497,NY
4503,NY
5836,NY
14876,NY
8087,NY
14495,NY
16164,NY
8073,NY
4234,NY
2296,NY
2939,NY
12283,NY
8192,NY
15932,NY
12232,NY
5898,NY
14509,NY
2652,NY
14808,NY
4232,NY
12385,NY
14510,NY
4312,NY
14517,NY
16061,NY
16020,NY
2570,NY
14513,NY
12341,NY
12330,NY
5374,NY
5381,NY
15899,NY
12461,NY
2773,NY
4941,NY
6009,NY
15835,NY
14512,NY
16122,NY
2763,NY
14131,NY
12541,NY
5420,NY
8231,NY
8234,NY
5417,NY
15868,NY
14176,NY
16095,NY
5403,NY
12231,NY
14864,NY
2651,NY
5475,NY
4895,NY
3638,NY
3631,NY
15299,NY
15301,NY
7260,NY
15304,NY
3550,NY
7268,NY
7269,NY
13162,NY
7284,NY
15326,NY
6318,NY
15342,NY
4787,NY
13111,NY
15366,NY
7335,NY
7336,NY
3399,NY
13066,NY
13065,NY
13063,NY
15375,NY
7383,NY
7390,NY
4783,NY
4156,NY
5566,NY
4058,NY
15076,NY
5637,NY
15066,NY
15055,NY
3967,NY
3992,NY
3861,NY
15016,NY
3783,NY
3771,NY
15176,NY
13342,NY
15261,NY
4612,NY
15200,NY
5577,NY
13291,NY
13289,NY
3708,NY
5706,NY
13285,NY
3704,NY
3703,NY
13275,NY
6321,NY
15252,NY
5578,NY
15391,NY
6189,NY
13013,NY
4831,NY
12815,NY
3074,NY
4863,NY
6108,NY
3070,NY
7725,NY
7727,NY
7728,NY
7729,NY
12759,NY
7732,NY
3076,NY
12749,NY
7737,NY
4196,NY
7775,NY
15588,NY
5472,NY
5471,NY
15606,NY
4206,NY
6086,NY
3025,NY
15628,NY
14882,NY
7733,NY
5484,NY
7672,NY
3078,NY
13007,NY
4165,NY
4944,NY
4169,NY
13002,NY
13001,NY
13000,NY
3303,NY
14067,NY
14070,NY
12963,NY
5754,NY
3192,NY
3164,NY
14587,NY
3135,NY
7514,NY
3134,NY
4789,NY
7530,NY
3120,NY
4170,NY
14095,NY
4176,NY
4816,NY
4191,NY
3084,NY
7976,NY
2293,NY
2641,NY
1967,NY
11886,NY
11563,NY
875,NY
877,NY
10242,NY
10239,NY
10238,NY
907,NY
910,NY
11360,NY
1915,NY
5171,NY
14239,NY
5174,NY
11860,NY
16479,NY
11856,NY
14398,NY
14246,NY
16439,NY
16434,NY
9238,NY
525,NY
652,NY
674,NY
14434,NY
702,NY
16688,NY
745,NY
1346,NY
813,NY
814,NY
10069,NY
5265,NY
9247,NY
823,NY
9667,NY
1599,NY
11891,NY
16498,NY
1882,NY
14401,NY
10140,NY
1012,NY
16564,NY
11784,NY
9616,NY
9504,NY
10139,NY
9519,NY
9521,NY
14316,NY
1746,NY
1105,NY
1653,NY
10048,NY
1126,NY
14298,NY
5195,NY
10036,NY
998,NY
10145,NY
987,NY
958,NY
11712,NY
959,NY
11837,NY
11833,NY
14456,NY
962,NY
11556,NY
2064,NY
11415,NY
11817,NY
9394,NY
9396,NY
9397,NY
9401,NY
5061,NY
14250,NY
16563,NY
16526,NY
471,NY
10049,NY
2075,NY
5209,NY
9747,NY
11180,NY
361,NY
2231,NY
16232,NY
14354,NY
5160,NY
2128,NY
5208,NY
16716,NY
5021,NY
14262,NY
11080,NY
371,NY
57,NY
16751,NY
307,NY
106,NY
11995,NY
9761,NY
11091,NY
11070,NY
136,NY
9765,NY
283,NY
14355,NY
12015,NY
11591,NY
11146,NY
2065,NY
5096,NY
9760,NY
9097,NY
11967,NY
16722,NY
9213,NY
1347,NY
9182,NY
16397,NY
409,NY
2277,NY
2274,NY
1385,NY
388,NY
398,NY
16382,NY
16723,NY
5020,NY
400,NY
47,NY
9107,NY
2127,NY
9729,NY
397,NY
2123,NY
11083,NY
5169,NY
13142,NC
6023,NC
9533,NC
1692,NC
9597,NC
1495,NC
2987,NC
16642,NC
11493,NC
16263,NC
1078,NC
16262,NC
2952,NC
4282,NC
10040,NC
5850,NC
7305,NC
9241,NC
3619,NC
14277,NC
8099,NC
1969,NC
860,NC
11898,NC
5698,NC
3295,NC
15184,NC
12958,NC
2532,NC
408,NC
2561,NC
11312,NC
653,NC
14147,NC
2560,NC
15878,NC
10209,NC
7765,NC
6074,NC
2814,NC
14927,NC
12196,NC
2080,NC
4018,NC
6215,NC
5252,NC
6291,NC
5740,NC
11190,NC
10203,NC
12203,NC
12947,NC
15496,OH
5031,OH
16749,OH
3133,OH
1224,OH
7505,OH
1266,OH
16202,OH
3425,OH
4552,OH
11231,OH
6388,OH
14395,OH
5733,OH
17430,OH
10834,OH
10941,OH
6016,OH
13984,OH
13867,OH
13981,OH
11060,OH
14717,OH
11020,OH
11051,OH
14784,OH
4374,OH
11021,OH
6494,OH
10629,OH
10552,OH
13415,OH
1106,OH
1082,OH
4773,OH
13178,OH
15303,OH
7229,OH
7211,OH
4699,OH
13235,OH
3401,OH
7190,OH
7126,OH
7114,OH
7083,OH
7039,OH
846,OH
7006,OH
13361,OH
10318,OH
694,OH
4797,OH
11608,OH
11025,OH
8663,OH
1637,OH
12250,OH
1691,OH
16285,OH
14483,OH
8505,OH
8510,OH
8999,OH
2882,OH
9738,OH
9488,OH
8987,OH
8846,OH
1749,OH
2085,OH
16135,OH
7175,OK
12462,OK
4023,OK
2639,OK
1592,OK
10304,OK
9062,OK
4556,OK
10681,OK
15554,OK
13080,OK
13480,OK
8229,OK
154,OR
14629,OR
2459,OR
13991,OR
936,OR
8191,OR
11410,OR
6143,OR
176,OR
16313,OR
12548,OR
10823,OR
11433,OR
16547,OR
7913,OR
8142,OR
10786,OR
13234,OR
8825,OR
8246,OR
6519,OR
4553,OR
6577,OR
3906,OR
6601,OR
5348,OR
13542,OR
14686,OR
5084,OR
15039,OR
4545,OR
17283,OR
6426,OR
7581,OR
6886,OR
6905,OR
6912,OR
8816,OR
5258,OR
849,OR
14457,OR
4036,OR
12472,OR
16115,OR
13690,OR
8274,OR
10235,OR
15866,OR
17426,OR
5079,OR
15357,OR
6871,OR
5979,OR
11518,OR
11519,OR
1683,OR
12020,OR
9028,OR
76,OR
16657,OR
11558,OR
15574,OR
7437,OR
12125,OR
14841,OR
11008,OR
14822,OR
16658,OR
12762,OR
5224,OR
5849,OR
14776,OR
8997,OR
4495,OR
13965,OR
15507,OR
14420,OR
11067,OR
15728,OR
2995,OR
1744,OR
8926,OR
13092,OR
13117,OR
10945,OR
16919,OR
16058,OH
4876,OH
7882,OH
5712,OH
6098,OH
2717,OH
1519,OH
3746,OH
16119,OH
6359,OH
2116,OH
12275,OH
15579,OH
2437,OH
7475,OH
5909,OH
12816,OH
11228,OH
593,OH
2394,OH
594,OH
9898,OH
16229,OH
2609,OH
14802,OH
6219,OH
15998,OH
7965,OH
10055,OH
466,OH
5655,OH
14588,OH
10086,OH
2220,OH
16523,OH
7588,OH
11610,OH
3911,OH
8054,OH
306,OH
14948,OH
3651,OH
13076,OH
11780,OH
11581,OH
80,OH
9090,OH
13126,OH
5995,OH
9622,OH
4984,OH
1440,OH
1697,OH
15855,OH
9844,OH
16203,OH
3907,OH
9496,OH
15257,OH
4585,OK
9825,OK
15475,OK
2289,OK
9426,OK
4898,OK
12485,OK
11207,OK
9949,OK
5925,OK
4946,OK
5362,OK
7823,OK
11677,OK
14156,OK
16359,OK
14934,OR
12209,OR
119,OR
16118,OR
4150,OR
5772,OR
14937,OR
11220,OR
11196,OR
5991,OR
6183,OR
2096,OR
2149,OR
2445,OR
2481,OR
16087,OR
2491,OR
2480,OR
6380,OR
7580,OR
13032,OR
14144,OR
3277,OR
9956,OR
8276,OR
12657,OR
5003,OR
8257,OR
3690,OR
7361,OR
3646,OR
15795,OR
5439,OR
10124,OR
14045,OR
15690,OR
16579,OR
4934,OR
7289,OR
13155,OR
4923,OR
14761,OR
3737,OR
15653,OR
11583,OR
3139,OR
16710,OR
12899,OR
3161,OR
15332,PA
15371,PA
2984,PA
2983,PA
14380,PA
4364,PA
10113,PA
4369,PA
7873,PA
16936,PA
10929,PA
15470,PA
13811,PA
14897,PA
11047,PA
16755,PA
11023,PA
13816,PA
4532,PA
1221,PA
9025,PA
16889,PA
11061,PA
12979,PA
3222,PA
5777,PA
12116,PA
12042,PA
9022,PA
14716,PA
16804,PA
55,PA
1226,PA
1225,PA
17477,PA
13982,PA
1222,PA
3318,PA
15455,PA
3351,PA
9677,PA
4236,PA
13038,PA
16888,PA
3390,PA
9631,PA
5277,PA
8691,PA
16978,PA
5189,PA
8336,PA
2642,PA
3820,PA
15993,PA
735,PA
733,PA
10360,PA
2602,PA
12274,PA
17271,PA
13618,PA
7082,PA
3870,PA
17290,PA
6808,PA
3885,PA
12291,PA
17302,PA
3896,PA
13470,PA
15044,PA
2545,PA
13544,PA
15088,PA
492,PA
3993,PA
16449,PA
4033,PA
6335,PA
10791,PA
5186,PA
4161,PA
12195,PA
2141,PA
9481,PA
11418,PA
8114,PA
10188,PA
2795,PA
1909,PA
14137,PA
4126,PA
13730,PA
10821,PA
8845,PA
17419,PA
12244,PA
17389,PA
16332,PA
5253,PA
11974,PA
1941,PA
4053,PA
10243,PA
10810,PR
11700,PR
6803,PR
4795,PA
14362,PA
14191,PA
5271,PA
5422,PA
5278,PA
2955,PA
4428,PA
3474,PA
3426,PA
3395,PA
3286,PA
7615,PA
7621,PA
12644,PA
2811,PA
2699,PA
2693,PA
15909,PA
12133,PA
12129,PA
7264,PA
2321,PA
11997,PA
9263,PA
2039,PA
11690,PA
16702,PA
9736,PA
9800,PA
9863,PA
10083,PA
1053,PA
913,PA
381,PA
79,PA
2301,PA
3871,PA
5136,PA
6438,PA
6004,PA
6151,PA
4243,PA
5960,PA
4255,PA
14853,PA
14956,PA
15068,PA
4028,PA
6316,PA
6357,PA
5918,RI
6809,RI
871,RI
3986,RI
17431,RI
13912,RI
5036,RI
10712,RI
11929,RI
2727,RI
3654,RI
16085,SC
8993,SC
8715,SC
8984,SC
16027,SC
13813,SC
8991,SC
8642,SC
8791,SC
2458,SC
11918,SC
11024,SC
13961,SC
87,SC
10724,SC
10631,SC
17111,SC
949,SC
983,SC
10126,SC
1158,SC
16874,SC
2600,SC
1663,SC
11854,SC
11861,SC
9140,SC
2617,SC
2669,SC
8207,SC
15517,SC
3125,SC
15479,SC
15597,SC
7926,SC
15454,SC
7937,SC
13534,SC
13517,SC
15961,SC
3645,SC
15552,SC
15941,SC
7011,SC
4068,SC
15957,SC
8357,SC
13966,SC
16715,SD
1336,SD
3762,SD
14036,SD
7458,SD
11118,SD
7051,SD
3761,SD
5788,SD
17082,SD
10650,SD
7692,SD
13442,SD
8177,SD
16019,SD
12522,SD
12266,SD
3997,SD
8933,SD
12151,SD
7694,SD
6013,SD
12711,SD
15340,SC
15089,SC
916,SC
3629,SC
11847,SC
4383,SC
11195,SC
3657,SC
15912,SC
14167,SC
3868,SC
2697,SC
15277,SC
2610,SC
8160,SC
9380,SC
16548,SC
16567,SC
1766,SC
1932,SC
14867,SC
9735,SC
2026,SC
7698,SC
9941,SC
6019,SC
4027,SC
10087,SC
3118,SC
1051,SD
1535,SD
2051,SD
14519,SD
15072,SD
14276,SD
5261,SD
11601,SD
9081,SD
9066,TN
10409,TN
16634,TN
10330,TN
7251,TN
17249,TN
7261,TN
17226,TN
13175,TN
10305,TN
15842,TN
8942,TN
3411,TN
10232,TN
13047,TN
17093,TN
15386,TN
17088,TN
4226,TN
14043,TN
8802,TN
12926,TN
14862,TN
6230,TN
10263,TN
3614,TN
8665,TN
6881,TN
14702,TN
14693,TN
17444,TN
6377,TN
8976,TN
13505,TN
8995,TN
2543,TN
11068,TN
7136,TN
97,TN
2562,TX
12344,TX
15697,TX
15938,TX
2930,TX
8032,TX
7863,TX
7828,TX
3002,TX
15604,TX
3040,TX
8725,TX
15584,TX
12732,TX
8661,TX
2914,TX
8651,TX
2829,TX
8328,TX
15940,TX
15910,TX
15949,TX
8389,TX
12460,TX
8281,TX
15880,TX
2588,TX
8479,TX
12379,TX
16008,TX
8533,TX
15859,TX
15809,TX
8560,TX
12542,TX
2823,TX
8265,TX
15557,TX
15413,TX
15523,TX
7177,TX
15231,TX
7129,TX
3707,TX
3725,TX
7127,TX
6958,TX
6914,TX
15164,TX
6903,TX
13257,TX
6895,TX
6851,TX
6838,TX
3878,TX
6694,TX
13474,TX
13494,TX
6575,TX
15045,TX
3954,TX
15030,TX
3837,TX
7622,TX
7192,TX
7205,TX
3115,TX
3116,TX
12875,TX
15486,TX
12888,TX
15465,TX
7512,TX
3147,TX
7503,TX
7490,TX
7204,TX
7411,TX
7386,TX
15369,TX
3469,TX
3470,TX
15348,TX
3481,TX
3494,TX
15294,TX
7219,TX
7209,TX
15389,TX
8741,TX
16160,TX
8782,TX
10451,TX
579,TX
10393,TX
10363,TX
10352,TX
10343,TX
680,TX
17251,TX
10329,TX
10328,TX
761,TX
763,TX
17193,TX
10259,TX
10250,TX
894,TX
909,TX
10193,TX
10184,TX
10182,TX
17077,TX
11431,TX
17046,TX
17288,TX
17289,TX
549,TX
10466,TX
6,TX
11054,TX
11019,TX
17471,TX
11010,TX
11065,TX
10999,TX
88,TX
17462,TX
10956,TX
10883,TX
16956,TX
212,TX
17435,TX
17427,TX
17425,TX
11164,TX
11176,TX
10701,TX
17380,TX
10690,TX
10683,TX
10643,TX
10543,TX
17438,TX
11488,TX
10102,TX
16914,TX
2098,TX
9129,TX
2130,TX
2135,TX
2139,TX
12014,TX
2226,TX
12031,TX
9019,TX
9001,TX
12063,TX
9178,TX
2285,TX
8988,TX
8945,TX
13595,TX
8934,TX
12140,TX
12155,TX
8890,TX
16128,TX
8884,TX
8865,TX
2470,TX
12074,TX
12285,TX
11933,TX
16423,TX
16905,TX
10019,TX
16811,TX
16745,TX
9786,TX
16709,TX
9741,TX
1538,TX
16686,TX
1590,TX
9666,TX
16422,TX
11718,TX
9542,TX
9538,TX
9526,TX
9515,TX
1815,TX
1836,TX
9431,TX
1837,TX
16491,TX
1914,TX
11887,TX
16604,TX
13600,TX
15776,TX
13959,TX
5571,TX
5177,TX
4603,TX
13835,TX
14170,TX
14835,TX
14800,TX
5249,TX
5329,TX
13999,TX
5339,TX
5769,TX
14821,TX
5775,TX
13973,TX
14961,TX
13944,TX
14522,TX
4885,TX
4363,TX
6233,TX
14789,TX
14534,TX
4359,TX
14911,TX
6213,TX
6207,TX
14532,TX
14799,TX
14336,TX
14568,TX
4167,TX
14089,TX
5533,TX
14880,TX
14603,TX
4241,TX
13860,TX
13661,TX
15014,TX
5263,TX
4031,TX
4952,TX
13672,TX
5307,TX
5519,TX
4020,TX
4761,TX
1076,TN
6129,TN
11459,TN
3723,TN
13277,TN
2606,TN
7310,TN
863,TN
12404,TN
14487,TN
5200,TN
13179,TN
9669,TN
960,TN
13258,TN
567,TN
14475,TN
12612,TN
3927,TN
2275,TN
7806,TN
4633,TN
469,TN
12694,TN
12779,TN
1504,TN
7750,TN
9823,TN
1315,TN
11888,TN
12781,TN
12112,TN
15594,TN
14978,TN
15596,TN
6093,TN
13089,TN
7498,TX
5150,TX
12818,TX
4935,TX
12826,TX
8134,TX
15571,TX
5861,TX
4925,TX
3110,TX
5315,TX
725,TX
5302,TX
12876,TX
15484,TX
7919,TX
15483,TX
15668,TX
7864,TX
7525,TX
5905,TX
12693,TX
14216,TX
14162,TX
15471,TX
12570,TX
15515,TX
15018,TX
12525,TX
9880,TX
9093,TX
16369,TX
1399,TX
9150,TX
9159,TX
4682,TX
16754,TX
14569,TX
2049,TX
9281,TX
9313,TX
2018,TX
2153,TX
1469,TX
9342,TX
14616,TX
9363,TX
9368,TX
11826,TX
1529,TX
11802,TX
9524,TX
1699,TX
1686,TX
1568,TX
1573,TX
1674,TX
4757,TX
9055,TX
11566,TX
14659,TX
8206,TX
14798,TX
8266,TX
8285,TX
12458,TX
15935,TX
2677,TX
1008,TX
3205,TX
12381,TX
2608,TX
2604,TX
16023,TX
11457,TX
12306,TX
10123,TX
1108,TX
5478,TX
12228,TX
10115,TX
2411,TX
14553,TX
16124,TX
1192,TX
12138,TX
10077,TX
4576,TX
12078,TX
16253,TX
12527,TX
15436,TX
2908,TX
9647,TX
184,TX
11102,TX
15197,TX
495,TX
7312,TX
14282,TX
285,TX
6263,TX
11143,TX
11155,TX
14268,TX
13253,TX
6221,TX
327,TX
329,TX
15284,TX
6170,TX
13075,TX
7234,TX
6168,TX
13110,TX
3467,TX
3528,TX
4205,TX
13158,TX
3769,TX
3770,TX
6075,TX
15344,TX
5064,TX
15109,TX
66,TX
15094,TX
3891,TX
6317,TX
3268,TX
11076,TX
3830,TX
5166,TX
28,TX
6378,TX
3917,TX
6301,TX
3880,TX
2788,UT
13649,UT
14528,UT
1729,UT
2897,UT
1520,UT
10265,UT
2926,UT
822,UT
6145,UT
9624,UT
16675,UT
7308,UT
13810,UT
11691,UT
14261,UT
14687,UT
11858,UT
10026,UT
1332,UT
12030,UT
1155,UT
6892,UT
15198,UT
2490,UT
6843,UT
13972,UT
16971,UT
4456,UT
4443,UT
12388,UT
12443,UT
2685,UT
5567,UT
14780,UT
6499,UT
8314,UT
17432,UT
15537,UT
7460,UT
13037,UT
13869,UT
13868,UT
15599,UT
13292,UT
7436,UT
8042,UT
6254,UT
12915,UT
15259,UT
7488,UT
9304,UT
10097,UT
8091,UT
5444,UT
10166,UT
11816,UT
14724,UT
9456,UT
9596,UT
1677,UT
12039,UT
11381,UT
14593,UT
15382,UT
968,UT
10006,UT
2281,UT
12709,UT
3692,UT
3658,UT
11272,UT
12115,VA
16893,VA
3790,VA
14982,VA
7538,VA
521,VA
11559,VA
7017,VA
4578,VA
16851,VA
15605,VA
1117,VA
13960,VA
10740,VA
693,VA
2601,VA
12354,VA
10519,VA
15505,VA
5766,VA
6280,VA
3758,VA
12263,VA
7057,VA
8810,VA
8812,VA
12229,VA
15497,VA
8745,VA
7392,VA
11996,VA
9047,VA
13526,VA
14114,VA
3172,VA
1912,VA
9349,VA
1893,VA
15059,VA
11638,VA
14474,VA
13508,VA
5547,VA
1531,VA
1763,VA
1547,VA
3198,VA
17296,VA
17293,VA
3985,VA
9559,VA
9563,VA
6488,VA
16815,VA
11006,VA
7497,VA
4847,VA
16803,VA
9931,VA
5998,VA
16788,VA
16303,VA
5597,VA
2131,VA
9084,VA
15077,VA
5595,VA
17461,VA
13451,VA
11951,VA
4964,VA
13853,VA
5548,VA
9245,VA
6666,VA
5170,VA
609,VA
17320,VA
14552,VA
4294,VA
10657,VA
8320,VA
15538,VA
15665,VA
17086,VA
17242,VA
6087,VA
13255,VA
13052,VA
8020,VA
13121,VA
4314,VA
3562,VA
4921,VA
7329,VA
3584,VA
5522,VA
10711,VA
15733,VA
12808,VA
5243,VA
12580,VA
17109,VA
1011,VA
15793,VA
17183,VA
13956,VA
10696,VA
10738,VA
5844,VA
3018,VA
1009,VA
10289,VA
8421,VA
17337,VA
3678,VA
5826,VT
2082,VT
16752,VT
12497,VT
1209,VT
7613,VT
3188,VT
4565,VT
15042,VT
3114,VT
14122,VT
1069,VT
15785,VT
17247,VT
13449,VT
2531,VT
6844,VT
11412,VT
11294,VT
5155,VT
679,VT
16201,VT
15419,VT
5619,VT
4626,VT
15080,VT
9546,VT
6517,VT
11101,VT
14292,VT
9049,VT
7697,VT
3743,VT
6046,VT
5514,VT
4469,VT
9148,VT
6417,VT
5940,VT
5370,VT
4792,VT
14707,VT
9857,VT
15388,VT
5759,VA
3241,VA
12993,VA
8068,VA
14337,VA
2097,VA
8059,VA
13188,VA
4331,VA
9136,VA
2878,VA
3005,VA
16436,VA
15335,VA
5906,VA
14516,VA
5108,VA
810,VA
9675,VA
11789,VA
12659,VA
6444,VA
11805,VA
5131,VA
9678,VA
9589,VA
869,VA
7802,VA
7980,VA
15555,VA
5493,VA
1875,VA
3034,VA
2951,VA
15360,VA
11726,VA
9822,VA
7484,VA
2895,VA
2890,VA
16438,VA
6496,VA
12726,VA
11435,VA
3398,VA
11517,VA
4137,VA
16148,VA
12136,VA
1370,VA
7628,VA
4343,VA
15182,VA
15542,VA
6385,VA
12165,VA
2414,VA
12202,VA
15489,VA
11409,VA
5951,VA
12454,VA
1047,VA
2616,VA
12446,VA
11449,VA
990,VA
14737,VA
16172,VA
4139,VA
2678,VA
4211,VA
16050,VA
1109,VA
690,VA
1110,VA
10130,VA
5664,VA
15425,VA
1300,VA
15827,VA
11388,VA
1333,VA
5225,VA
11100,VA
3317,VA
4584,VA
5180,VA
16211,VA
16209,VA
15815,VA
2761,VA
15296,VA
7365,VA
8157,VA
15783,VA
10465,WA
10138,WA
1367,WA
10228,WA
11071,WA
17120,WA
11052,WA
526,WA
5304,WA
781,WA
10733,WA
10864,WA
1411,WA
10147,WA
482,WA
14388,WA
241,WA
14146,WA
10275,WA
10027,WA
17103,WA
9838,WA
10521,WA
11386,WA
4965,WA
9762,WA
14215,WA
14255,WA
16924,WA
11252,WA
10122,WA
14233,WA
17182,WA
5185,WA
11026,WA
11015,WA
11683,WA
11503,WA
16120,WA
9627,WA
12716,WA
13924,WA
3022,WA
7829,WA
2920,WA
4332,WA
2799,WA
2798,WA
15846,WA
8240,WA
12487,WA
14793,WA
15549,WA
2688,WA
15954,WA
13958,WA
12399,WA
4448,WA
2563,WA
4473,WA
16083,WA
14711,WA
8871,WA
4543,WA
2390,WA
12127,WA
15901,WA
4583,WA
15540,WA
13907,WA
6435,WA
13646,WA
6480,WA
13540,WA
6771,WA
14997,WA
13696,WA
6846,WA
13393,WA
6274,WA
13270,WA
13262,WA
4286,WA
14929,WA
7258,WA
3597,WA
13043,WA
7391,WA
7418,WA
7449,WA
3211,WA
15445,WA
13854,WA
14868,WA
12901,WA
15502,WA
13214,WA
5630,WA
14379,WA
14605,WA
9070,WA
9117,WA
11832,WA
9371,WA
5603,WA
11935,WA
11743,WA
9043,WA
4691,WA
16220,WA
1630,WA
9324,WA
5526,WA
4209,WI
5859,WI
15927,WI
12453,WI
15945,WI
11867,WI
17369,WI
8356,WI
10668,WI
8458,WI
12400,WI
10639,WI
12451,WI
7396,WI
12467,WI
15409,WI
15443,WI
5345,WI
13922,WI
15457,WI
11326,WI
5267,WI
4240,WI
7522,WI
11865,WI
5944,WI
903,WI
1525,WI
2159,WI
12069,WI
7216,WI
11692,WI
17476,WI
16873,WI
13694,WI
8943,WI
2375,WI
13407,WI
6297,WI
6890,WI
6292,WI
6998,WI
11444,WI
8868,WI
12012,WI
8850,WI
229,WI
12264,WI
2594,WI
5815,WI
17433,WI
1095,WI
3685,WI
3687,WI
7135,WI
8682,WI
8524,WI
3696,WI
3697,WI
13245,WI
729,WV
10717,WV
6665,WV
10276,WV
5884,WV
11003,WV
1510,WV
11163,WV
3765,WV
5045,WV
10584,WV
1523,WV
7120,WV
5309,WV
2927,WV
1506,WV
10181,WV
17104,WV
8889,WV
17022,WV
10164,WV
4676,WY
3308,WY
10458,WY
3150,WY
13326,WY
16633,WY
10038,WY
12848,WY
6545,WY
58,WY
2305,WY
8252,WY
4329,WY
2875,WY
4848,WY
3038,WY
11790,WY
2985,WY
15242,WA
2253,WA
13035,WA
514,WA
1339,WA
14883,WA
6283,WA
14555,WA
3701,WA
5234,WA
10133,WA
1128,WA
13124,WA
2454,WA
15295,WA
1194,WA
4973,WA
14419,WA
14595,WA
2668,WA
16321,WA
11782,WA
7306,WA
9392,WA
818,WA
7892,WA
7830,WA
9237,WA
8051,WA
1631,WA
4308,WA
10251,WA
1662,WA
1847,WA
9331,WA
2264,WA
14599,WA
689,WA
8178,WA
2081,WA
5672,WA
14598,WA
2740,WA
3160,WA
9771,WA
12528,WA
9185,WA
16592,WA
12931,WA
16052,WV
3934,WV
15038,WV
3933,WV
5670,WV
5802,WV
13288,WV
5356,WV
6223,WV
9328,WV
15539,WV
3091,WV
9632,WV
7540,WV
11595,WV
11575,WV
4812,WV
13134,WV
15858,WV
2824,WV
14600,WV
11599,WV
14363,WI
4010,WI
10286,WI
1311,WI
14694,WI
2000,WI
881,WI
12750,WI
5839,WI
9934,WI
14728,WI
2841,WI
9082,WI
11351,WI
5467,WI
13122,WI
7331,WI
7367,WI
2623,WI
1742,WI
10068,WI
4855,WI
12914,WI
2122,WI
6175,WI
884,WY
2162,WY
2174,WY
12162,WY
346,WY
6324,WY
59,
117,
1431,
1544,
2364,
2796,
3234,
3565,
4038,
4306,
4888,
5660,
6910,
8837,
9059,
9209,
9637,
9658,
9711,
9753,
9984,
10176,
10306,
10312,
10653,
11542,
11868,
12040,
12066,
12273,
12425,
13577,
14125,
14538,
14583,
14590,
15179,
15861,
15887,
16192,
16363,
16466,
17145,
